file_name,location
00300_model.jpg,6.293917545435437
00301_model.jpg,6.07684514977291
00302_model.jpg,4.260188102065957
00303_model.jpg,4.423263997669095
00304_model.jpg,7.860217308734883
00305_model.jpg,6.3140399570057975
00306_model.jpg,4.023319868984247
00307_model.jpg,6.605963600065283
00308_model.jpg,6.891526253859467
00309_model.jpg,3.6115604177823872
00310_model.jpg,7.960131133070353
00311_model.jpg,6.840894983449468
00312_model.jpg,5.348592725210566
00313_model.jpg,3.4588884279029948
00314_model.jpg,4.074036865356624
00315_model.jpg,5.104453609183264
00316_model.jpg,6.244658455645763
00317_model.jpg,5.6513025522056
00318_model.jpg,3.907037760795066
00319_model.jpg,6.654301788034191
00320_model.jpg,5.927894294665354
00321_model.jpg,7.349204768586154
00322_model.jpg,4.068656972552067
00323_model.jpg,5.509760524467608
00324_model.jpg,7.3968719437708
00325_model.jpg,7.119510762713987
00326_model.jpg,6.242677077130955
00327_model.jpg,6.840310959531925
00328_model.jpg,5.93384185005027
00329_model.jpg,7.523788597405882
00330_model.jpg,5.031962001848018
00331_model.jpg,4.421363180287797
00332_model.jpg,6.736657493593541
00333_model.jpg,8.195461426013793
00334_model.jpg,6.928703430126883
00335_model.jpg,7.202065423911987
00336_model.jpg,6.781150551315189
00337_model.jpg,6.7155448544902745
00338_model.jpg,5.129858170161827
00339_model.jpg,3.872852252709034
00340_model.jpg,4.891749539014665
00341_model.jpg,4.887733160775653
00342_model.jpg,7.538847790635056
00343_model.jpg,4.265051308374418
00344_model.jpg,4.0878046487210264
00345_model.jpg,7.8647551189919005
00346_model.jpg,4.899072036160034
00347_model.jpg,3.502350790617492
00348_model.jpg,7.505444404581131
00349_model.jpg,7.285703696290466
00350_model.jpg,7.077399676697146
00351_model.jpg,3.340870565600567
00352_model.jpg,3.279233311063831
00353_model.jpg,4.355010302592251
00354_model.jpg,4.585131259827814
00355_model.jpg,4.439830167538843
00356_model.jpg,7.293325245524648
00357_model.jpg,6.565516575453303
00358_model.jpg,7.832227092369377
00359_model.jpg,4.987770753050291
00360_model.jpg,4.0366390080068095
00361_model.jpg,6.299360764657382
00362_model.jpg,7.88140454879255
00363_model.jpg,5.14910014432002
00364_model.jpg,7.975905280241508
00365_model.jpg,5.452623541935849
00366_model.jpg,3.4603864699065534
00367_model.jpg,4.428564176003393
00368_model.jpg,5.754708705541121
00369_model.jpg,5.69483303059227
00370_model.jpg,5.098288686924943
00371_model.jpg,6.904059098146005
00372_model.jpg,4.118449134198859
00373_model.jpg,5.168128802150318
00374_model.jpg,5.449980861536151
00375_model.jpg,4.710781668362018
00376_model.jpg,3.866702802539068
00377_model.jpg,4.275747579270861
00378_model.jpg,8.013996657509473
00379_model.jpg,6.493514835713817
00380_model.jpg,3.8183111277945168
00381_model.jpg,5.992927535458475
00382_model.jpg,5.262860019990247
00383_model.jpg,7.475944476887061
00384_model.jpg,6.437934081189771
00385_model.jpg,3.283594791913494
00386_model.jpg,3.435677534883749
00387_model.jpg,5.758354860999626
00388_model.jpg,6.172886019773553
00389_model.jpg,5.263880033150218
00390_model.jpg,6.278518144280808
00391_model.jpg,6.843579737462731
00392_model.jpg,5.600975125454688
00393_model.jpg,6.961981291925926
00394_model.jpg,6.723106280667834
00395_model.jpg,8.11337656583001
00396_model.jpg,7.407379885687267
00397_model.jpg,6.008647708417846
00398_model.jpg,3.361311496428364
00399_model.jpg,4.263539977488089
00400_model.jpg,6.040785836472926
00401_model.jpg,5.20743479431291
00402_model.jpg,5.976588935742373
00403_model.jpg,4.026922984346117
00404_model.jpg,6.72071096621626
00405_model.jpg,6.62427749749738
00406_model.jpg,4.425407091044057
00407_model.jpg,7.297049614134946
00408_model.jpg,6.253313414078922
00409_model.jpg,4.475121429852868
00410_model.jpg,6.096199811763805
00411_model.jpg,6.592754622060036
00412_model.jpg,8.00915633982886
00413_model.jpg,7.977594945636278
00414_model.jpg,6.9223977950928095
00415_model.jpg,7.6295973248598274
00416_model.jpg,5.758930361715632
00417_model.jpg,7.56314340903682
00418_model.jpg,4.364138804831394
00419_model.jpg,4.605774270817864
00420_model.jpg,5.800807694344211
00421_model.jpg,4.036616611157543
00422_model.jpg,3.920794825864692
00423_model.jpg,4.9957797656468035
00424_model.jpg,7.1147725882528565
00425_model.jpg,5.615779742409072
00426_model.jpg,5.464400496624612
00427_model.jpg,4.9780820394055265
00428_model.jpg,7.381446432567189
00429_model.jpg,3.392382709674586
00430_model.jpg,7.270453621968131
00431_model.jpg,4.564960153135902
00432_model.jpg,7.102082799404936
00433_model.jpg,4.340280851727322
00434_model.jpg,5.733889849076154
00435_model.jpg,3.2398107116352097
00436_model.jpg,7.311837963449514
00437_model.jpg,7.964449571238755
00438_model.jpg,4.594469519241089
00439_model.jpg,5.759235487095208
00440_model.jpg,5.135071385407297
00441_model.jpg,4.815233378856248
00442_model.jpg,5.880594864865717
00443_model.jpg,6.321343800286898
00444_model.jpg,3.5355234689573978
00445_model.jpg,6.269678575722799
00446_model.jpg,6.562548499542344
00447_model.jpg,3.9180679596412276
00448_model.jpg,4.306922788810963
00449_model.jpg,4.0000859505451825
00450_model.jpg,8.062740814849752
00451_model.jpg,6.567482368631668
00452_model.jpg,4.794891646771457
00453_model.jpg,6.179158488688576
00454_model.jpg,6.372007776021961
00455_model.jpg,5.56828973972578
00456_model.jpg,3.8017433274109127
00457_model.jpg,7.141781533354724
00458_model.jpg,3.701905100385149
00459_model.jpg,4.249427583427716
00460_model.jpg,6.184004446616825
00461_model.jpg,5.683586994445169
00462_model.jpg,5.661616906589135
00463_model.jpg,7.215542641981233
00464_model.jpg,5.296137689190283
00465_model.jpg,6.100706322995036
00466_model.jpg,4.908649677911733
00467_model.jpg,3.444853762790177
00468_model.jpg,4.19742744656005
00469_model.jpg,8.04225648990474
00470_model.jpg,5.189015865777547
00471_model.jpg,6.457799917311916
00472_model.jpg,8.103001505517502
00473_model.jpg,7.26319897340506
00474_model.jpg,5.111294072304752
00475_model.jpg,6.725428370113888
00476_model.jpg,7.019329611805396
00477_model.jpg,4.176271997078672
00478_model.jpg,8.094777986417341
00479_model.jpg,8.018050850725393
00480_model.jpg,6.919816857005991
00481_model.jpg,5.730074240369357
00482_model.jpg,8.183736483533227
00483_model.jpg,6.838697934787125
00484_model.jpg,5.774602704854343
00485_model.jpg,3.5479002699047966
00486_model.jpg,3.9606358946950424
00487_model.jpg,7.0414701849054016
00488_model.jpg,6.435995289754147
00489_model.jpg,4.591764176131719
00490_model.jpg,7.847812247905282
00491_model.jpg,6.302244417044189
00492_model.jpg,4.165480122983732
00493_model.jpg,5.1542744540854
00494_model.jpg,4.524331016890623
00495_model.jpg,6.833251284795925
00496_model.jpg,6.772551977821106
00497_model.jpg,8.11632454216303
00498_model.jpg,7.819402423866383
00499_model.jpg,5.925101723843729
00500_model.jpg,6.195898429741557
00501_model.jpg,6.7439445582351984
00502_model.jpg,3.284330013820334
00503_model.jpg,7.674993049271236
00504_model.jpg,4.0649808249464945
00505_model.jpg,3.915861691606926
00506_model.jpg,3.8802267510945896
00507_model.jpg,6.7369729675941725
00508_model.jpg,6.458338793854359
00509_model.jpg,7.649621560883996
00510_model.jpg,3.62841300876016
00511_model.jpg,7.910009744680175
00512_model.jpg,4.376148940616413
00513_model.jpg,7.753179818770378
00514_model.jpg,6.316153647089077
00515_model.jpg,7.610454568568195
00516_model.jpg,4.071411515333992
00517_model.jpg,8.059256630521372
00518_model.jpg,7.104971744310365
00519_model.jpg,6.206010778983426
00520_model.jpg,5.217335280060323
00521_model.jpg,6.6300938909816365
00522_model.jpg,6.196505261929996
00523_model.jpg,6.922551949368981
00524_model.jpg,6.76825005682362
00525_model.jpg,4.714742456608367
00526_model.jpg,3.4594196820897105
00527_model.jpg,5.714016165740725
00528_model.jpg,5.513030328219807
00529_model.jpg,3.4158175174137844
00530_model.jpg,6.880800583228175
00531_model.jpg,3.6172505002278976
00532_model.jpg,6.49321369521397
00533_model.jpg,5.914285453538508
00534_model.jpg,4.977969383978768
00535_model.jpg,6.897764456337083
00536_model.jpg,6.731799731860564
00537_model.jpg,8.071682428280099
00538_model.jpg,6.1270952952658755
00539_model.jpg,7.534365981019277
00540_model.jpg,4.422785939425524
00541_model.jpg,4.869472681224636
00542_model.jpg,3.5944659223449644
00543_model.jpg,3.6691276897310203
00544_model.jpg,6.562845450510949
00545_model.jpg,5.155017058361932
00546_model.jpg,7.298354943602331
00547_model.jpg,6.091569390659612
00548_model.jpg,3.9802479484174533
00549_model.jpg,5.1932714015749015
00550_model.jpg,7.518384084427612
00551_model.jpg,5.214456123172168
00552_model.jpg,7.209929749606315
00553_model.jpg,7.99560039685383
00554_model.jpg,6.231546832169424
00555_model.jpg,4.97995947944871
00556_model.jpg,5.3651063712785945
00557_model.jpg,4.364212031632181
00558_model.jpg,4.778848147702691
00559_model.jpg,3.2814701406745144
00560_model.jpg,7.820838946966458
00561_model.jpg,5.31723260394468
00562_model.jpg,5.313989904869486
00563_model.jpg,8.05227683439961
00564_model.jpg,6.5322840983552
00565_model.jpg,6.261500219705385
00566_model.jpg,3.7333558573532075
00567_model.jpg,6.952765877808999
00568_model.jpg,4.493603613480297
00569_model.jpg,5.498789510740604
00570_model.jpg,3.789658105568872
00571_model.jpg,5.9261287652806045
00572_model.jpg,3.44738747190765
00573_model.jpg,6.27266733449884
00574_model.jpg,7.21367048564758
00575_model.jpg,4.216389861429303
00576_model.jpg,7.723018110525083
00577_model.jpg,5.542425701713307
00578_model.jpg,5.230265520267458
00579_model.jpg,8.148415442359
00580_model.jpg,6.04695946600534
00581_model.jpg,5.220182798822841
00582_model.jpg,7.493312826606643
00583_model.jpg,5.714966974622583
00584_model.jpg,6.640559810979338
00585_model.jpg,6.391916363296265
00586_model.jpg,3.3804284341040987
00587_model.jpg,6.593035676637439
00588_model.jpg,6.917684111782178
00589_model.jpg,4.9172713455420825
00590_model.jpg,6.745058913274446
00591_model.jpg,7.395581043013306
00592_model.jpg,5.151800610540991
00593_model.jpg,7.939558906869665
00594_model.jpg,4.402422267827302
00595_model.jpg,3.2486347342117554
00596_model.jpg,6.578475138082151
00597_model.jpg,5.891688756463943
00598_model.jpg,5.62571107302522
00599_model.jpg,5.493625932435612
00600_model.jpg,6.274072234073606
00601_model.jpg,8.185746982587528
00602_model.jpg,6.68628613374668
00603_model.jpg,6.935389506281457
00604_model.jpg,6.309209013809681
00605_model.jpg,6.385401299802236
00606_model.jpg,7.607781031363644
00607_model.jpg,4.589268063051123
00608_model.jpg,6.000811962453414
00609_model.jpg,7.665226250423829
00610_model.jpg,7.9940502961031585
00611_model.jpg,5.453642382478689
00612_model.jpg,7.798600853318207
00613_model.jpg,3.586722808590788
00614_model.jpg,6.3397198479238615
00615_model.jpg,5.2479559591631615
00616_model.jpg,4.497832943660694
00617_model.jpg,5.6936930904689795
00618_model.jpg,7.0994143252088255
00619_model.jpg,5.638886245903214
00620_model.jpg,4.226313055538786
00621_model.jpg,7.117369654267204
00622_model.jpg,5.293573700021232
00623_model.jpg,5.818984864995673
00624_model.jpg,6.873436419594275
00625_model.jpg,8.197600002028427
00626_model.jpg,4.742118134463092
00627_model.jpg,5.570128214455609
00628_model.jpg,3.279325925940287
00629_model.jpg,5.332808755730948
00630_model.jpg,4.474565646782771
00631_model.jpg,3.2153427541258504
00632_model.jpg,4.545317707906691
00633_model.jpg,3.591233132597625
00634_model.jpg,4.061338157657741
00635_model.jpg,8.064838229851059
00636_model.jpg,5.11518173070431
00637_model.jpg,5.316234144116261
00638_model.jpg,5.915420992932814
00639_model.jpg,4.11075805048936
00640_model.jpg,4.462251522908832
00641_model.jpg,5.65620666223186
00642_model.jpg,8.07436918739716
00643_model.jpg,6.611304843607016
00644_model.jpg,4.080438695593959
00645_model.jpg,5.348987596812589
00646_model.jpg,7.615072695796418
00647_model.jpg,4.309873051480474
00648_model.jpg,4.9214383079972475
00649_model.jpg,7.127067426340624
00650_model.jpg,4.9531086949708465
00651_model.jpg,4.905291475403454
00652_model.jpg,3.4598721061664284
00653_model.jpg,4.769597454040745
00654_model.jpg,4.504131647023651
00655_model.jpg,5.831170953365224
00656_model.jpg,6.700995569276067
00657_model.jpg,3.548747939436934
00658_model.jpg,5.409134525954874
00659_model.jpg,5.070262884456791
00660_model.jpg,6.642366024457428
00661_model.jpg,3.5261549699888874
00662_model.jpg,6.204305134128843
00663_model.jpg,5.880085557680519
00664_model.jpg,4.928447204329964
00665_model.jpg,4.297943658410315
00666_model.jpg,4.8614553594208685
00667_model.jpg,4.273586728012787
00668_model.jpg,7.8537511387506145
00669_model.jpg,6.606967873608916
00670_model.jpg,3.814883060041123
00671_model.jpg,4.505953405258045
00672_model.jpg,5.67396947404512
00673_model.jpg,3.5747693445996775
00674_model.jpg,6.730844605944406
00675_model.jpg,6.827960334886069
00676_model.jpg,3.291939759931707
00677_model.jpg,3.4725166089278723
00678_model.jpg,5.509177235785944
00679_model.jpg,7.43957695630995
00680_model.jpg,7.151736085712667
00681_model.jpg,3.657900896913546
00682_model.jpg,5.143330951778396
00683_model.jpg,6.844011048354138
00684_model.jpg,3.9465419235565316
00685_model.jpg,6.629492758060769
00686_model.jpg,6.533693610920615
00687_model.jpg,6.114061526569187
00688_model.jpg,6.065535319566162
00689_model.jpg,3.547400235280339
00690_model.jpg,3.541067371804832
00691_model.jpg,4.555599134220516
00692_model.jpg,5.342779553580496
00693_model.jpg,6.293510492018441
00694_model.jpg,4.322269211894311
00695_model.jpg,3.674611524080798
00696_model.jpg,7.044716203151342
00697_model.jpg,5.608805905724059
00698_model.jpg,5.565390615999391
00699_model.jpg,6.855975861071252
00700_model.jpg,4.1281986577546945
00701_model.jpg,7.345298378596575
00702_model.jpg,8.174053462417106
00703_model.jpg,5.874995257941617
00704_model.jpg,5.56598448895511
00705_model.jpg,3.6570595475889327
00706_model.jpg,3.847869585409974
00707_model.jpg,7.833264459512141
00708_model.jpg,7.363578520159906
00709_model.jpg,4.570750338830398
00710_model.jpg,5.381289551909753
00711_model.jpg,7.4283016119145495
00712_model.jpg,4.701606881325376
00713_model.jpg,3.4758283318367393
00714_model.jpg,6.154007598917551
00715_model.jpg,6.934827097036977
00716_model.jpg,3.9693969826706264
00717_model.jpg,5.180926440390498
00718_model.jpg,4.2394980573023355
00719_model.jpg,3.3409276745601133
00720_model.jpg,6.346748158488827
00721_model.jpg,7.239937286083852
00722_model.jpg,8.068351626328255
00723_model.jpg,7.850050456283321
00724_model.jpg,5.791274335652001
00725_model.jpg,4.982933236465135
00726_model.jpg,5.224357827761858
00727_model.jpg,5.6730018581889725
00728_model.jpg,6.818341060343492
00729_model.jpg,6.183003606574261
00730_model.jpg,6.984662646661678
00731_model.jpg,5.211558685516375
00732_model.jpg,8.128983680373434
00733_model.jpg,5.01456829135384
00734_model.jpg,6.390201268173843
00735_model.jpg,3.323225108472217
00736_model.jpg,8.031857593428807
00737_model.jpg,7.815242654874866
00738_model.jpg,7.975397734600523
00739_model.jpg,4.602089033880845
00740_model.jpg,7.020893888083017
00741_model.jpg,4.373313700321152
00742_model.jpg,7.439216729953171
00743_model.jpg,4.262934210922508
00744_model.jpg,6.330847563905908
00745_model.jpg,5.326011963029774
00746_model.jpg,6.889548044291073
00747_model.jpg,4.1632818558812446
00748_model.jpg,6.722416148792889
00749_model.jpg,3.685432122103144
00750_model.jpg,7.1933994108786115
00751_model.jpg,6.573572425625633
00752_model.jpg,6.232732447700452
00753_model.jpg,4.4156322654302125
00754_model.jpg,6.306258937377099
00755_model.jpg,7.241607144219398
00756_model.jpg,4.835874875212249
00757_model.jpg,3.950922359377258
00758_model.jpg,7.553315345720031
00759_model.jpg,3.4551735089601037
00760_model.jpg,5.6903767644538465
00761_model.jpg,3.3318065253685605
00762_model.jpg,6.414835618674012
00763_model.jpg,4.9123185116125265
00764_model.jpg,4.250351423695979
00765_model.jpg,8.115763023152418
00766_model.jpg,7.143532503031522
00767_model.jpg,3.663589766716764
00768_model.jpg,3.2240732690858662
00769_model.jpg,7.557567943124703
00770_model.jpg,4.528768061830621
00771_model.jpg,5.473267473553596
00772_model.jpg,6.116950737438503
00773_model.jpg,4.6999854625883035
00774_model.jpg,7.1996600302544485
00775_model.jpg,4.869526452382872
00776_model.jpg,4.065465899379312
00777_model.jpg,7.3291047540570995
00778_model.jpg,5.837462141626691
00779_model.jpg,4.18147629657775
00780_model.jpg,5.980742432446291
00781_model.jpg,6.542986167440916
00782_model.jpg,5.379619240141174
00783_model.jpg,5.432776561342632
00784_model.jpg,8.173824524532485
00785_model.jpg,4.285167644327781
00786_model.jpg,7.63439237124076
00787_model.jpg,4.671563883823548
00788_model.jpg,4.457990305827832
00789_model.jpg,8.00008205730044
00790_model.jpg,4.070292760977151
00791_model.jpg,6.837632737180564
00792_model.jpg,6.535693426094803
00793_model.jpg,3.496889206600869
00794_model.jpg,7.73794008954748
00795_model.jpg,6.3885765196056745
00796_model.jpg,6.437211596621507
00797_model.jpg,4.423531257944025
00798_model.jpg,7.286871118788079
00799_model.jpg,3.910314949532176
00800_model.jpg,4.088103646946305
00801_model.jpg,7.574958367881643
00802_model.jpg,4.306793980369811
00803_model.jpg,6.388733010702967
00804_model.jpg,6.485697635715551
00805_model.jpg,4.077423166712403
00806_model.jpg,8.11076215278581
00807_model.jpg,7.531875811110523
00808_model.jpg,7.690298838588675
00809_model.jpg,7.446047083479882
00810_model.jpg,6.4089686766284775
00811_model.jpg,3.874180587113111
00812_model.jpg,7.390193187157661
00813_model.jpg,5.598327078321499
00814_model.jpg,3.7865593870909153
00815_model.jpg,3.792520490371186
00816_model.jpg,7.508892731227292
00817_model.jpg,7.440705638939057
00818_model.jpg,7.43185194972422
00819_model.jpg,5.074664885108013
00820_model.jpg,3.500922944059954
00821_model.jpg,5.884966459774672
00822_model.jpg,6.16236500010514
00823_model.jpg,5.88068453360584
00824_model.jpg,7.417036825806842
00825_model.jpg,7.0936071888317604
00826_model.jpg,6.44275122458332
00827_model.jpg,3.6031385945436893
00828_model.jpg,6.798830227560999
00829_model.jpg,5.1664865505316655
00830_model.jpg,3.660124603699403
00831_model.jpg,8.14146768857209
00832_model.jpg,5.574154075589765
00833_model.jpg,3.3674606202179707
00834_model.jpg,6.212380614297054
00835_model.jpg,7.006929212558128
00836_model.jpg,5.427429615295304
00837_model.jpg,5.7895694032336005
00838_model.jpg,6.181702444369193
00839_model.jpg,4.848086744441207
00840_model.jpg,6.363661684848574
00841_model.jpg,7.926954978528532
00842_model.jpg,5.77967675675719
00843_model.jpg,7.072539898184661
00844_model.jpg,4.903034143262802
00845_model.jpg,5.998382358447991
00846_model.jpg,6.1045898601842286
00847_model.jpg,7.608078074944037
00848_model.jpg,5.460389455653697
00849_model.jpg,3.5754495898012086
00850_model.jpg,5.17630802990009
00851_model.jpg,6.862443877223209
00852_model.jpg,3.626526853637311
00853_model.jpg,4.953549621135541
00854_model.jpg,5.6037550878073406
00855_model.jpg,6.537852245270122
00856_model.jpg,4.294543865443757
00857_model.jpg,7.181696560084789
00858_model.jpg,4.7219307565806
00859_model.jpg,4.2696851648575445
00860_model.jpg,6.109785681591833
00861_model.jpg,7.677104107204907
00862_model.jpg,5.010396790817935
00863_model.jpg,7.543365133410746
00864_model.jpg,7.551608043773315
00865_model.jpg,6.140215671555592
00866_model.jpg,4.213638579701965
00867_model.jpg,5.782203576021748
00868_model.jpg,7.9461385607401
00869_model.jpg,4.134742611703852
00870_model.jpg,4.250804820568233
00871_model.jpg,3.6048332044149562
00872_model.jpg,5.742543722551223
00873_model.jpg,5.532507743753183
00874_model.jpg,4.435035750858047
00875_model.jpg,4.169651330598416
00876_model.jpg,3.648540631651474
00877_model.jpg,4.312552550140896
00878_model.jpg,8.186935887675308
00879_model.jpg,7.673271041396501
00880_model.jpg,4.866514782247372
00881_model.jpg,5.2144404953159595
00882_model.jpg,7.7710223171776915
00883_model.jpg,6.771072648611931
00884_model.jpg,8.00398332150196
00885_model.jpg,4.663149617787405
00886_model.jpg,4.325127701198098
00887_model.jpg,6.865935088206101
00888_model.jpg,5.703701709801032
00889_model.jpg,5.140724080182808
00890_model.jpg,3.310988539158502
00891_model.jpg,7.659961303086491
00892_model.jpg,4.991625937739237
00893_model.jpg,7.049294827837014
00894_model.jpg,6.500754430470626
00895_model.jpg,6.591244361105924
00896_model.jpg,6.929235055122331
00897_model.jpg,5.514004722828156
00898_model.jpg,7.6203659367207335
00899_model.jpg,6.067245898436638
00900_model.jpg,3.6676480554899333
00901_model.jpg,7.250877957793965
00902_model.jpg,7.507901965020822
00903_model.jpg,7.574115069880706
00904_model.jpg,5.521706850680381
00905_model.jpg,6.701043564371442
00906_model.jpg,5.189135383259292
00907_model.jpg,4.763594910333446
00908_model.jpg,4.172607744730343
00909_model.jpg,7.550212732504927
00910_model.jpg,4.615215613244341
00911_model.jpg,5.193842746935619
00912_model.jpg,5.300724664391388
00913_model.jpg,7.1150257236829235
00914_model.jpg,4.936102856605214
00915_model.jpg,3.8623942031666587
00916_model.jpg,6.698289144002007
00917_model.jpg,6.956568161085034
00918_model.jpg,3.8198336357224223
00919_model.jpg,5.344502291998979
00920_model.jpg,5.777102705449765
00921_model.jpg,4.0079111335250035
00922_model.jpg,3.9265478894575416
00923_model.jpg,6.044602882107788
00924_model.jpg,5.5887766833739265
00925_model.jpg,3.2518288375447293
00926_model.jpg,4.5127950368875425
00927_model.jpg,5.985310034406215
00928_model.jpg,4.150652121529111
00929_model.jpg,7.186794248704941
00930_model.jpg,3.395787028942986
00931_model.jpg,5.447208161239124
00932_model.jpg,5.724629745914515
00933_model.jpg,6.0670292606753735
00934_model.jpg,4.532734191400059
00935_model.jpg,4.899962230374495
00936_model.jpg,5.165433987790128
00937_model.jpg,5.779121454351002
00938_model.jpg,4.713338105154663
00939_model.jpg,6.7341727860578
00940_model.jpg,4.852932644042665
00941_model.jpg,6.769691022948206
00942_model.jpg,4.546563256063327
00943_model.jpg,3.368931877188298
00944_model.jpg,6.404932489089629
00945_model.jpg,6.2383024373019165
00946_model.jpg,5.852325417696698
00947_model.jpg,7.28509385758336
00948_model.jpg,5.087334338005532
00949_model.jpg,3.4511438907904406
00950_model.jpg,5.806021972133288
00951_model.jpg,4.932884697568834
00952_model.jpg,7.904361831649944
00953_model.jpg,4.267469409345687
00954_model.jpg,5.538350641122164
00955_model.jpg,5.6545934519213645
00956_model.jpg,5.448746016338129
00957_model.jpg,4.325285061155982
00958_model.jpg,6.265039840238862
00959_model.jpg,8.1136432987553
00960_model.jpg,6.043807779879596
00961_model.jpg,4.252823728710095
00962_model.jpg,6.580099877376462
00963_model.jpg,4.105912464739076
00964_model.jpg,6.586482205600653
00965_model.jpg,4.382425452425455
00966_model.jpg,3.454461297808267
00967_model.jpg,7.479441590184272
00968_model.jpg,6.595368308908591
00969_model.jpg,5.952686572547684
00970_model.jpg,5.655257593407157
00971_model.jpg,5.6761754503564
00972_model.jpg,6.651631706464246
00973_model.jpg,6.8681361508210435
00974_model.jpg,7.477485637348374
00975_model.jpg,3.4040286881035424
00976_model.jpg,7.591881075345369
00977_model.jpg,5.561027588087324
00978_model.jpg,8.196369983608637
00979_model.jpg,6.379940883767376
00980_model.jpg,6.144381644539393
00981_model.jpg,7.93530047164221
00982_model.jpg,7.905257014487042
00983_model.jpg,4.606185163033064
00984_model.jpg,5.231951797150551
00985_model.jpg,4.954129896048775
00986_model.jpg,5.119238159081418
00987_model.jpg,7.665129543927423
00988_model.jpg,6.802277465144495
00989_model.jpg,6.798453035044068
00990_model.jpg,7.804879139835131
00991_model.jpg,5.678114671886333
00992_model.jpg,6.870223299125744
00993_model.jpg,5.487556143658479
00994_model.jpg,6.257823250978119
00995_model.jpg,3.529698697835294
00996_model.jpg,6.663539080408586
00997_model.jpg,8.136674967645977
00998_model.jpg,4.814889492456995
00999_model.jpg,4.802973282591025
01000_model.jpg,4.905187173383921
01001_model.jpg,6.725893148044919
01002_model.jpg,3.408484082848804
01003_model.jpg,4.820762294112751
01004_model.jpg,4.770235985132271
01005_model.jpg,5.544585146952815
01006_model.jpg,6.165310118724718
01007_model.jpg,7.735837025036756
01008_model.jpg,6.561118181708229
01009_model.jpg,5.54241694251914
01010_model.jpg,5.692629547274399
01011_model.jpg,3.7622938906196826
01012_model.jpg,5.114102243468235
01013_model.jpg,5.6880045426464525
01014_model.jpg,5.107706826249758
01015_model.jpg,5.693753205227009
01016_model.jpg,5.846431058335516
01017_model.jpg,5.615354777517811
01018_model.jpg,5.879522798854184
01019_model.jpg,7.058444795906076
01020_model.jpg,7.387577570108054
01021_model.jpg,5.797985166857866
01022_model.jpg,3.8983076196460225
01023_model.jpg,3.2554712117356885
01024_model.jpg,7.47094820951076
01025_model.jpg,5.963377090618269
01026_model.jpg,5.4651858723417455
01027_model.jpg,4.097348625010853
01028_model.jpg,7.154756316656298
01029_model.jpg,7.359824378195634
01030_model.jpg,3.2805300248761435
01031_model.jpg,3.7270094176350925
01032_model.jpg,3.2484441216534803
01033_model.jpg,5.885497612377921
01034_model.jpg,6.907539747969291
01035_model.jpg,3.580636533007694
01036_model.jpg,5.1463002575737145
01037_model.jpg,7.324225120463919
01038_model.jpg,4.614755598690698
01039_model.jpg,7.642139748639797
01040_model.jpg,5.148482592219941
01041_model.jpg,3.2873780688921626
01042_model.jpg,5.703043260234105
01043_model.jpg,4.76578217180388
01044_model.jpg,6.500589221698207
01045_model.jpg,4.7834484860620465
01046_model.jpg,3.862234955634454
01047_model.jpg,4.36312742026186
01048_model.jpg,6.1835796705071955
01049_model.jpg,6.640559009514792
01050_model.jpg,6.766569363331722
01051_model.jpg,6.32069454502557
01052_model.jpg,3.218515441756016
01053_model.jpg,5.076058085638727
01054_model.jpg,7.969549896820372
01055_model.jpg,5.489685620223438
01056_model.jpg,5.992900015964847
01057_model.jpg,3.758737352761801
01058_model.jpg,7.471379374503649
01059_model.jpg,8.17307811685205
01060_model.jpg,3.243868742903958
01061_model.jpg,5.478188866474521
01062_model.jpg,4.297755221597687
01063_model.jpg,6.268478969736604
01064_model.jpg,7.723032452177759
01065_model.jpg,4.899159352028124
01066_model.jpg,5.466490089936085
01067_model.jpg,6.239528630881467
01068_model.jpg,4.417590483785338
01069_model.jpg,3.6723765140313906
01070_model.jpg,4.739359892138069
01071_model.jpg,7.324197213712751
01072_model.jpg,5.824095034408431
01073_model.jpg,4.418000132301046
01074_model.jpg,7.467416187847568
01075_model.jpg,4.96643485528584
01076_model.jpg,7.846714351356401
01077_model.jpg,7.440402148780628
01078_model.jpg,7.473544873437608
01079_model.jpg,6.226744648855721
01080_model.jpg,4.560033813891667
01081_model.jpg,5.006404169712417
01082_model.jpg,6.685406918215027
01083_model.jpg,5.909598957590637
01084_model.jpg,5.097957085266901
01085_model.jpg,4.885409827501095
01086_model.jpg,7.344604681914718
01087_model.jpg,4.613503394254958
01088_model.jpg,6.537365045385086
01089_model.jpg,5.343514743463545
01090_model.jpg,4.771721971758344
01091_model.jpg,4.239338600711647
01092_model.jpg,7.533582698348465
01093_model.jpg,3.497754076606009
01094_model.jpg,5.114271302716674
01095_model.jpg,3.6610117299817206
01096_model.jpg,5.687466874170338
01097_model.jpg,7.80169825474938
01098_model.jpg,6.452134170948228
01099_model.jpg,6.301753812137174
01100_model.jpg,7.094347988151722
01101_model.jpg,6.534868161013076
01102_model.jpg,4.995942787221647
01103_model.jpg,4.08184900700792
01104_model.jpg,4.979366494155065
01105_model.jpg,7.887230119519528
01106_model.jpg,7.54435359985644
01107_model.jpg,4.724016346507945
01108_model.jpg,3.605208733793198
01109_model.jpg,3.3754500076050507
01110_model.jpg,7.826329320699458
01111_model.jpg,3.6849284930262405
01112_model.jpg,5.63959616028687
01113_model.jpg,4.380549290573538
01114_model.jpg,3.3170936281915333
01115_model.jpg,6.824273143265848
01116_model.jpg,7.3245290697327805
01117_model.jpg,3.817144003678939
01118_model.jpg,7.04957676084294
01119_model.jpg,3.753087198694753
01120_model.jpg,4.815086646016338
01121_model.jpg,7.22268222360518
01122_model.jpg,6.436150926650035
01123_model.jpg,7.511940123087951
01124_model.jpg,6.624265546103152
01125_model.jpg,5.874641061649976
01126_model.jpg,5.787037275653886
01127_model.jpg,4.615920038203373
01128_model.jpg,4.622280126311893
01129_model.jpg,4.860511104290521
01130_model.jpg,4.46706789301897
01131_model.jpg,7.058645796346734
01132_model.jpg,7.229678686426058
01133_model.jpg,7.440421792340364
01134_model.jpg,6.56370996173188
01135_model.jpg,8.172294511931128
01136_model.jpg,7.792358195279882
01137_model.jpg,4.016927036457943
01138_model.jpg,7.425105073132161
01139_model.jpg,4.155079391266778
01140_model.jpg,6.733912557627089
01141_model.jpg,4.588106997773907
01142_model.jpg,4.988567260831293
01143_model.jpg,5.567867112399186
01144_model.jpg,3.365850767227923
01145_model.jpg,3.258139692177962
01146_model.jpg,3.5495442445171186
01147_model.jpg,3.430783143461343
01148_model.jpg,5.030842498462737
01149_model.jpg,6.664061833250483
01150_model.jpg,5.022647107311989
01151_model.jpg,3.2354842428198767
01152_model.jpg,4.515466087098445
01153_model.jpg,3.814174034021275
01154_model.jpg,7.854948907670278
01155_model.jpg,4.544872010497101
01156_model.jpg,4.589086158711329
01157_model.jpg,5.982582104965282
01158_model.jpg,3.664309464844581
01159_model.jpg,6.281290317261874
01160_model.jpg,8.192376583136493
01161_model.jpg,4.603294676956015
01162_model.jpg,7.247663133331707
01163_model.jpg,4.784147866700119
01164_model.jpg,5.640552487581238
01165_model.jpg,5.073152658835119
01166_model.jpg,6.922341582743175
01167_model.jpg,4.939768268583331
01168_model.jpg,7.517812436392659
01169_model.jpg,5.591691563246582
01170_model.jpg,6.320930867099839
01171_model.jpg,7.656568554828321
01172_model.jpg,4.594515483547766
01173_model.jpg,3.459243057301417
01174_model.jpg,5.963935225596933
01175_model.jpg,5.180929061318064
01176_model.jpg,6.834345275345792
01177_model.jpg,4.979810616774675
01178_model.jpg,4.616624093658548
01179_model.jpg,4.849661224700384
01180_model.jpg,5.007414383205142
01181_model.jpg,6.00943247926149
01182_model.jpg,5.8323916022625175
01183_model.jpg,5.997792053553776
01184_model.jpg,7.172197895135915
01185_model.jpg,5.574911834277321
01186_model.jpg,5.388127403645127
01187_model.jpg,3.8383951092062114
01188_model.jpg,5.2244999575517665
01189_model.jpg,3.7676404580854044
01190_model.jpg,6.8544303355312115
01191_model.jpg,5.3835997478717355
01192_model.jpg,5.8661118900143725
01193_model.jpg,6.7412248377248964
01194_model.jpg,7.218239203967074
01195_model.jpg,6.45945919676877
01196_model.jpg,5.643572766254227
01197_model.jpg,7.572766789808136
01198_model.jpg,4.3836157415859285
01199_model.jpg,6.732731166634509
01200_model.jpg,6.955750790988071
01201_model.jpg,3.424164292463539
01202_model.jpg,6.878582901503184
01203_model.jpg,3.5628158413506004
01204_model.jpg,7.363198633519132
01205_model.jpg,3.9024799586245633
01206_model.jpg,6.480389107117872
01207_model.jpg,3.912261154115491
01208_model.jpg,7.2251734958430065
01209_model.jpg,6.982220899811909
01210_model.jpg,3.58071516830287
01211_model.jpg,5.25689806279891
01212_model.jpg,4.5374710241021505
01213_model.jpg,4.726134615958721
01214_model.jpg,5.308868671855999
01215_model.jpg,5.03119804576708
01216_model.jpg,5.8977743367535345
01217_model.jpg,6.863516390543066
01218_model.jpg,3.990359533809774
01219_model.jpg,5.42528772864159
01220_model.jpg,3.646390631931216
01221_model.jpg,6.495647408845791
01222_model.jpg,5.198157923532229
01223_model.jpg,7.58984582455945
01224_model.jpg,5.939564745377669
01225_model.jpg,3.3571442472787263
01226_model.jpg,8.155692251513507
01227_model.jpg,5.3105803231439035
01228_model.jpg,5.6526927984836925
01229_model.jpg,5.922953270478357
01230_model.jpg,3.8735118882828905
01231_model.jpg,4.398469083580074
01232_model.jpg,3.2651926393840673
01233_model.jpg,8.021872836116206
01234_model.jpg,5.690357920287377
01235_model.jpg,5.938485657504962
01236_model.jpg,3.5646503113171795
01237_model.jpg,5.295704975335588
01238_model.jpg,5.151390926411971
01239_model.jpg,3.7707835891111285
01240_model.jpg,5.3477350179011545
01241_model.jpg,3.796649565720492
01242_model.jpg,7.658755252578902
01243_model.jpg,3.229210855217982
01244_model.jpg,5.738499637997169
01245_model.jpg,3.640657848027085
01246_model.jpg,3.5932362408674203
01247_model.jpg,6.6157034872646685
01248_model.jpg,4.094465490315446
01249_model.jpg,6.414855423121576
01250_model.jpg,7.851308638504812
01251_model.jpg,3.363152492448452
01252_model.jpg,5.311866334629843
01253_model.jpg,8.061889670114859
01254_model.jpg,7.804903904695476
01255_model.jpg,4.895407929083197
01256_model.jpg,4.596280613845397
01257_model.jpg,4.414428738519
01258_model.jpg,4.6584802404757815
01259_model.jpg,6.557122337708477
01260_model.jpg,4.939685625089208
01261_model.jpg,6.98188148140224
01262_model.jpg,4.423533081925584
01263_model.jpg,6.5318237132223445
01264_model.jpg,7.383311036527581
01265_model.jpg,6.421676693009373
01266_model.jpg,3.214296010382924
01267_model.jpg,6.987109820467695
01268_model.jpg,6.851356803182019
01269_model.jpg,3.3998974987822077
01270_model.jpg,4.247593337525212
01271_model.jpg,3.347685712350457
01272_model.jpg,6.327908335185015
01273_model.jpg,5.281420582019623
01274_model.jpg,7.686068878606183
01275_model.jpg,8.047941845840649
01276_model.jpg,4.916433626162682
01277_model.jpg,4.665034009117684
01278_model.jpg,6.23308958859998
01279_model.jpg,5.8442683618350655
01280_model.jpg,6.917577890620197
01281_model.jpg,7.760449971443834
01282_model.jpg,6.659060973254988
01283_model.jpg,5.822247761998662
01284_model.jpg,3.3130471488414805
01285_model.jpg,7.312240469962977
01286_model.jpg,6.010287929009764
01287_model.jpg,3.7565926108719934
01288_model.jpg,6.296794021017815
01289_model.jpg,6.01249584103808
01290_model.jpg,6.125282893902889
01291_model.jpg,3.3665884056586313
01292_model.jpg,3.794813765441172
01293_model.jpg,5.056345598825064
01294_model.jpg,7.0090583260367625
01295_model.jpg,5.260067905331071
01296_model.jpg,7.8856144560525765
01297_model.jpg,6.909195014291438
01298_model.jpg,5.161216157000095
01299_model.jpg,7.716877553204749
01300_model.jpg,4.71534384592091
01301_model.jpg,4.3754287639806
01302_model.jpg,7.094572424332909
01303_model.jpg,6.075073612321662
01304_model.jpg,6.765368680462242
01305_model.jpg,4.775530090534746
01306_model.jpg,5.304128238142947
01307_model.jpg,6.560187225289031
01308_model.jpg,5.773518741272414
01309_model.jpg,5.084853048637995
01310_model.jpg,5.226404123618037
01311_model.jpg,7.259637575834401
01312_model.jpg,3.274458517899535
01313_model.jpg,5.227513646572991
01314_model.jpg,6.596984800279395
01315_model.jpg,7.901111248371724
01316_model.jpg,3.3742628240540293
01317_model.jpg,6.824078822017607
01318_model.jpg,5.350362139541448
01319_model.jpg,8.115144152968984
01320_model.jpg,4.62454738844389
01321_model.jpg,3.98760625361838
01322_model.jpg,7.777971973186916
01323_model.jpg,3.7976745789328517
01324_model.jpg,6.7699297059223325
01325_model.jpg,6.413437029221387
01326_model.jpg,3.6421742810202424
01327_model.jpg,3.2142803966290234
01328_model.jpg,5.417537741176559
01329_model.jpg,6.3953426322058755
01330_model.jpg,3.8080563983977704
01331_model.jpg,5.9949908601751405
01332_model.jpg,7.867423634465795
01333_model.jpg,4.625354078907961
01334_model.jpg,3.852980117358557
01335_model.jpg,4.560922789239023
01336_model.jpg,7.009497954918648
01337_model.jpg,8.01155056476264
01338_model.jpg,4.340988423819584
03843_model.jpg,4.180821033664924
03844_model.jpg,3.8345405385901827
03845_model.jpg,5.728767856839065
03846_model.jpg,5.542239594757816
03847_model.jpg,5.496550420764186
03848_model.jpg,7.771345407766849
03849_model.jpg,7.950977083256537
03850_model.jpg,3.438918732094079
03851_model.jpg,6.907703183583698
03852_model.jpg,6.896190529136535
03853_model.jpg,5.734192796619765
03854_model.jpg,7.368079289630438
03855_model.jpg,3.5068647374756035
03856_model.jpg,4.846076125458738
03857_model.jpg,5.000149475165974
03858_model.jpg,7.81004530834412
03859_model.jpg,6.564160467554347
03860_model.jpg,3.6627783717755724
03861_model.jpg,8.105958701396837
03862_model.jpg,3.59094660256714
03863_model.jpg,5.021279586838645
03864_model.jpg,4.591223156813066
03865_model.jpg,7.562935452743592
03866_model.jpg,4.274616985382546
03867_model.jpg,6.650179583831525
03868_model.jpg,6.956614373647409
03869_model.jpg,5.492055178133949
03870_model.jpg,5.113563657289812
03871_model.jpg,3.9720098703948663
03872_model.jpg,4.872271211331044
03873_model.jpg,4.248335132342372
03874_model.jpg,7.539159971331947
03875_model.jpg,7.4012890836851755
03876_model.jpg,3.970413563861123
03877_model.jpg,6.129826244665537
03878_model.jpg,7.276488870176268
03879_model.jpg,7.430546725613087
03880_model.jpg,3.9683732761122146
03881_model.jpg,6.015714156537097
03882_model.jpg,5.697713838381963
03883_model.jpg,3.414251320483526
03884_model.jpg,4.451394272105343
03885_model.jpg,4.203945396635444
03886_model.jpg,5.9783762636574584
03887_model.jpg,4.202227851886794
03888_model.jpg,5.956214812411214
03889_model.jpg,4.1596879742961095
03890_model.jpg,5.644253336609014
03891_model.jpg,5.568426892271318
03892_model.jpg,3.327164169269378
03893_model.jpg,3.6141462923172316
03894_model.jpg,7.4042441838292286
03895_model.jpg,4.730031015669046
03896_model.jpg,3.249552808219299
03897_model.jpg,3.6099599690774333
03898_model.jpg,8.060181807989423
03899_model.jpg,3.225998361449844
03900_model.jpg,5.934428443414681
03901_model.jpg,6.650191317234422
03902_model.jpg,3.908936557423001
03903_model.jpg,3.5654775223698625
03904_model.jpg,7.646744563481637
03905_model.jpg,5.589009219404758
03906_model.jpg,5.645973046089334
03907_model.jpg,7.564152462786965
03908_model.jpg,5.70279686454909
03909_model.jpg,4.294257929582719
03910_model.jpg,7.659825443354721
03911_model.jpg,6.224431165336366
03912_model.jpg,6.952148800038324
03913_model.jpg,3.5423766535305825
03914_model.jpg,3.4986791779117308
03915_model.jpg,3.475414923144653
03916_model.jpg,6.292453428109739
03917_model.jpg,3.6633004726388503
03918_model.jpg,6.463065449699437
03919_model.jpg,4.998261338335591
03920_model.jpg,7.565371633327858
03921_model.jpg,6.123132225594887
03922_model.jpg,5.699403591170168
03923_model.jpg,5.996159394983483
03924_model.jpg,4.2871110344676415
03925_model.jpg,7.533972722112908
03926_model.jpg,5.29875928051016
03927_model.jpg,3.431343851704283
03928_model.jpg,5.9010888371751244
03929_model.jpg,6.160288696373063
03930_model.jpg,5.891647689423933
03931_model.jpg,5.503008867610549
03932_model.jpg,3.9257689518438204
03933_model.jpg,3.529232441530527
03934_model.jpg,3.2719653453984936
03935_model.jpg,3.5710671669847196
03936_model.jpg,5.0000868724058085
03937_model.jpg,5.830464953232363
03938_model.jpg,5.638444903454764
03939_model.jpg,4.056488178743112
03940_model.jpg,5.103657719297189
03941_model.jpg,4.297094223281854
03942_model.jpg,4.385438622054823
03943_model.jpg,4.068316928440822
03944_model.jpg,6.679404773645366
03945_model.jpg,8.114101261122268
03946_model.jpg,4.076140398179089
03947_model.jpg,5.681728742605993
03948_model.jpg,5.988587010693572
03949_model.jpg,6.945227603503747
03950_model.jpg,7.79270905690798
03951_model.jpg,4.156865569385705
03952_model.jpg,3.670699525053098
03953_model.jpg,6.699814137331958
03954_model.jpg,5.357158988749101
03955_model.jpg,5.240359760254889
03956_model.jpg,6.704629550318548
03957_model.jpg,8.08434497247316
03958_model.jpg,6.7202770422009275
03959_model.jpg,3.3864730262184244
03960_model.jpg,7.479728676711404
03961_model.jpg,6.4647639259774285
03962_model.jpg,3.456550593333974
03963_model.jpg,4.992009786758351
03964_model.jpg,8.102634654495654
03965_model.jpg,3.6921046077596262
03966_model.jpg,7.9358545346062686
03967_model.jpg,7.166045078799983
03968_model.jpg,6.842184432084774
03969_model.jpg,3.4299107538202556
03970_model.jpg,4.465687056106158
03971_model.jpg,4.824833698240512
03972_model.jpg,3.5292326183996465
03973_model.jpg,5.698286099382675
03974_model.jpg,5.91004830303268
03975_model.jpg,6.487120406089418
03976_model.jpg,6.742999484853778
03977_model.jpg,6.913414761118279
03978_model.jpg,6.585924672702571
03979_model.jpg,6.820725589879012
03980_model.jpg,4.477144805822569
03981_model.jpg,3.26359209457359
03982_model.jpg,7.44195133162927
03983_model.jpg,4.593083292523999
03984_model.jpg,3.9097824305222586
03985_model.jpg,5.095079890249196
03986_model.jpg,5.283983509232335
03987_model.jpg,5.280649461397408
03988_model.jpg,7.979966963901346
03989_model.jpg,3.9367424471683856
03990_model.jpg,4.973977877099063
03991_model.jpg,5.57303522854899
03992_model.jpg,5.419402552208478
03993_model.jpg,7.05990712665817
03994_model.jpg,4.218780643221119
03995_model.jpg,7.036391837981418
03996_model.jpg,7.131567590541896
03997_model.jpg,5.573046859859445
03998_model.jpg,3.9775170162036
03999_model.jpg,3.9192221093040027
04000_model.jpg,3.807363953183253
04001_model.jpg,6.170860570476518
04002_model.jpg,5.247753461144713
04003_model.jpg,7.6217176314861055
04004_model.jpg,5.743656513991572
04005_model.jpg,4.066167242913933
04006_model.jpg,6.687448011214339
04007_model.jpg,7.189081188898375
04008_model.jpg,7.81929678433925
04009_model.jpg,5.1392291593784245
04010_model.jpg,7.69526268621614
04011_model.jpg,6.731944683215619
04012_model.jpg,4.7714453085954736
04013_model.jpg,7.856511821686381
04014_model.jpg,6.321879946396753
04015_model.jpg,6.800346220040941
04016_model.jpg,6.119152423584131
04017_model.jpg,4.299360445182958
04018_model.jpg,3.2567386224843684
04019_model.jpg,7.3591789321974685
04020_model.jpg,6.760544848229327
04021_model.jpg,3.850262185049214
04022_model.jpg,5.613527584735253
04023_model.jpg,4.683656555028867
04024_model.jpg,3.4117268244653607
04025_model.jpg,3.5630807515703564
04026_model.jpg,7.301895695641767
04027_model.jpg,6.675542991037866
04028_model.jpg,5.726732620743733
04029_model.jpg,6.667960882418963
04030_model.jpg,7.472868114843156
04031_model.jpg,4.713228954481067
04032_model.jpg,3.250986459675845
04033_model.jpg,7.969762062914344
04034_model.jpg,3.4071872612915852
04035_model.jpg,3.927033267219768
04036_model.jpg,7.472005904367301
04037_model.jpg,6.650271965521696
04038_model.jpg,7.697776573370942
04039_model.jpg,5.900881277371997
04040_model.jpg,4.662265698586874
04041_model.jpg,6.004021547754635
04042_model.jpg,7.9350401751525075
04043_model.jpg,5.869859473802423
04044_model.jpg,6.0464370816581345
04045_model.jpg,4.256084726284577
04046_model.jpg,6.825460899863491
04047_model.jpg,8.136483385070441
04048_model.jpg,3.770143905220161
04049_model.jpg,5.786395958583635
04050_model.jpg,3.7570427017968235
04051_model.jpg,8.018179803283022
04052_model.jpg,7.66152310633827
04053_model.jpg,6.125539391303744
04054_model.jpg,6.979180860467013
04055_model.jpg,6.599558001773873
04056_model.jpg,5.252789642097166
04057_model.jpg,4.131256508571153
04058_model.jpg,7.864621998900598
04059_model.jpg,4.246881328949107
04060_model.jpg,4.0625188630331195
04061_model.jpg,6.636473693317949
04062_model.jpg,4.83143252294622
04063_model.jpg,4.6657383566817545
04064_model.jpg,4.206768791738421
04065_model.jpg,7.508644879994258
04066_model.jpg,4.669505030993864
04067_model.jpg,5.026600797309821
04068_model.jpg,5.302963244109852
04069_model.jpg,7.716331274055155
04070_model.jpg,5.637124290250404
04071_model.jpg,4.13327272026229
04072_model.jpg,8.100586125949107
04073_model.jpg,4.959905947343868
04074_model.jpg,6.299877474930595
04075_model.jpg,8.199615363657152
04076_model.jpg,7.095734283134591
04077_model.jpg,4.646114826827129
04078_model.jpg,7.675360537389939
04079_model.jpg,4.160186924907917
04080_model.jpg,6.513662531148503
04081_model.jpg,7.610848945582517
04082_model.jpg,7.199851046555192
04083_model.jpg,3.4256870442584866
04084_model.jpg,5.786663134843894
04085_model.jpg,3.8700775937880225
04086_model.jpg,3.712190414905918
04087_model.jpg,4.712333489572251
04088_model.jpg,7.827862551435964
04089_model.jpg,6.745481731927574
04090_model.jpg,3.6611825898905757
04091_model.jpg,4.7719657476667345
04092_model.jpg,6.139217350281348
04093_model.jpg,7.788224420250432
04094_model.jpg,4.379114757857187
04095_model.jpg,3.748649879076935
04096_model.jpg,6.756828115408841
04097_model.jpg,6.580801516153369
04098_model.jpg,4.34492985910653
04099_model.jpg,7.708092331359219
04100_model.jpg,6.743468546364775
04101_model.jpg,3.446199771696456
04102_model.jpg,7.804673461381236
04103_model.jpg,7.341938195801057
04104_model.jpg,8.11604667366916
04105_model.jpg,7.356449862068058
04106_model.jpg,3.2011597896249944
04107_model.jpg,4.86355532306409
04108_model.jpg,3.477246721355516
04109_model.jpg,6.428366217231985
04110_model.jpg,7.697626122553207
04111_model.jpg,5.0108631237431185
04112_model.jpg,6.779984958034371
04113_model.jpg,3.810368418983539
04114_model.jpg,7.330887620570274
04115_model.jpg,7.850015138446982
04116_model.jpg,7.200949193245621
04117_model.jpg,6.967766760108618
04118_model.jpg,5.272049775680935
04119_model.jpg,5.300260897758551
04120_model.jpg,5.9692862094813695
04121_model.jpg,6.523129613383725
04122_model.jpg,3.936784542277074
04123_model.jpg,4.394752667995618
04124_model.jpg,5.155439580006521
04125_model.jpg,5.62970030757061
04126_model.jpg,7.543942506221181
04127_model.jpg,4.387303498836165
04128_model.jpg,7.606751443983238
04129_model.jpg,6.490302031960803
04130_model.jpg,7.625644958376822
04131_model.jpg,5.218791645535238
04132_model.jpg,6.712511081655513
04133_model.jpg,6.069136190214512
04134_model.jpg,3.8663500168802587
04135_model.jpg,6.184682783821213
04136_model.jpg,6.851031627476964
04137_model.jpg,7.632957544551961
04138_model.jpg,7.777975993626154
04139_model.jpg,6.887466615746906
04140_model.jpg,6.861040489249
04141_model.jpg,3.847520782897825
04142_model.jpg,7.263603513021523
04143_model.jpg,5.19576942606411
04144_model.jpg,4.700628826511351
04145_model.jpg,4.961423319651142
04146_model.jpg,4.9127501623647065
04147_model.jpg,7.691049536339951
04148_model.jpg,5.304629583773075
04149_model.jpg,3.9313158955879137
04150_model.jpg,7.280778276905601
04151_model.jpg,3.887366212805375
04152_model.jpg,6.602344676676567
04153_model.jpg,5.705892057143779
04154_model.jpg,5.997490652748335
04155_model.jpg,8.10130915150518
04156_model.jpg,5.873091651448054
04157_model.jpg,5.140034319784759
04158_model.jpg,3.7159773507282434
04159_model.jpg,4.6441761990647406
04160_model.jpg,7.851078250040083
04161_model.jpg,7.709339684397752
04162_model.jpg,7.373656413786347
04163_model.jpg,6.84888746379793
04164_model.jpg,7.706746156447694
04165_model.jpg,7.395891760987372
04166_model.jpg,7.986451101857598
04167_model.jpg,4.267211003325149
04168_model.jpg,5.397413921478003
04169_model.jpg,6.7566075622552395
04170_model.jpg,5.537048833059111
04171_model.jpg,7.023710253745235
04172_model.jpg,6.363339890791064
04173_model.jpg,5.522736521924372
04174_model.jpg,7.883934731056395
04175_model.jpg,7.33849108909929
04176_model.jpg,7.617421644113677
04177_model.jpg,7.126731312834695
04178_model.jpg,6.635038628933924
04179_model.jpg,5.87610557119288
04180_model.jpg,3.501241395413179
04181_model.jpg,5.645409717143115
04182_model.jpg,8.147361775266713
04183_model.jpg,3.643787000817114
04184_model.jpg,4.616406824816953
04185_model.jpg,4.090216376630795
04186_model.jpg,4.017642260262394
04187_model.jpg,7.298885678805202
04188_model.jpg,7.784627018037072
04189_model.jpg,5.523032685509569
04190_model.jpg,8.188253499824174
04191_model.jpg,4.255967250357552
04192_model.jpg,7.12294970495346
04193_model.jpg,7.127478695349941
04194_model.jpg,3.7063456338007423
04195_model.jpg,6.04378472476588
04196_model.jpg,5.16154520114451
04197_model.jpg,4.583157371675525
04198_model.jpg,3.745680653502439
04199_model.jpg,5.275004347080583
04200_model.jpg,5.513393173684167
04201_model.jpg,3.379850105518388
04202_model.jpg,4.439631544052266
04203_model.jpg,7.196335811711242
04204_model.jpg,4.940568070881736
04205_model.jpg,4.166510558575723
04206_model.jpg,7.085716949365628
04207_model.jpg,6.201297615435707
04208_model.jpg,4.5048372491500865
04209_model.jpg,6.902729199604886
04210_model.jpg,7.765306473066317
04211_model.jpg,6.183407744822502
04212_model.jpg,6.285622220402428
04213_model.jpg,5.837455614929502
04214_model.jpg,6.7706868833343465
04215_model.jpg,5.763068233746787
04216_model.jpg,3.2147330425291143
04217_model.jpg,3.207430909134515
04218_model.jpg,6.748596390480556
04219_model.jpg,7.090793092756457
04220_model.jpg,7.514147123510015
04221_model.jpg,8.081936277769117
04222_model.jpg,6.801882093723597
04223_model.jpg,3.2600532292889755
04224_model.jpg,6.370786818283508
04225_model.jpg,5.054949782057231
04226_model.jpg,7.6227149072815985
04227_model.jpg,4.569653957965547
04228_model.jpg,3.4340030143712763
04229_model.jpg,6.126004265075836
04230_model.jpg,6.923836668631489
04231_model.jpg,4.388461001548048
04232_model.jpg,5.138244798966381
04233_model.jpg,7.973321485728907
04234_model.jpg,4.938079789977458
04235_model.jpg,5.85533869889488
04236_model.jpg,6.8001686695111365
04237_model.jpg,6.904129681635044
04238_model.jpg,5.172851156554235
04239_model.jpg,7.177469798722979
04240_model.jpg,5.596524709387187
04241_model.jpg,5.375726050267311
04242_model.jpg,7.8650814667038
04243_model.jpg,5.7701303043843515
04244_model.jpg,8.055895447361532
04245_model.jpg,5.511138364596281
04246_model.jpg,4.601945357033236
04247_model.jpg,4.123545283480564
04248_model.jpg,6.380824063477862
04249_model.jpg,5.985382039246544
04250_model.jpg,7.222662832557893
04251_model.jpg,3.5848145395227755
04252_model.jpg,7.914523766276582
04253_model.jpg,4.168518557787545
04254_model.jpg,5.617636898905821
04255_model.jpg,5.203360932750363
04256_model.jpg,7.013149812756982
04257_model.jpg,4.665208153058764
04258_model.jpg,6.072104724612681
04259_model.jpg,5.859063317580342
04260_model.jpg,5.0139353272123595
04261_model.jpg,3.3205644189151293
04262_model.jpg,5.812429538012314
04263_model.jpg,7.864831628356456
04264_model.jpg,7.151295907748433
04265_model.jpg,8.186928675484213
04266_model.jpg,3.986169943439406
04267_model.jpg,7.548144558638076
04268_model.jpg,4.03599787250569
04269_model.jpg,5.780483256584453
04270_model.jpg,4.658772983692157
04271_model.jpg,3.842592742039363
04272_model.jpg,6.999106494087471
04273_model.jpg,3.650345910458597
04274_model.jpg,3.4086557802727615
04275_model.jpg,5.888767772643754
04276_model.jpg,3.4073206813159933
04277_model.jpg,4.7999899162434145
04278_model.jpg,4.216911972746705
04279_model.jpg,7.024802906744923
04280_model.jpg,6.163477129883385
04281_model.jpg,5.124876949698122
04282_model.jpg,6.179712123674379
04283_model.jpg,3.523601967151915
04284_model.jpg,5.639588243588046
04285_model.jpg,3.4664663426345106
04286_model.jpg,5.827529175003254
04287_model.jpg,8.001574761461551
04288_model.jpg,6.350490983774019
04289_model.jpg,7.455431834928352
04290_model.jpg,7.1279120271432275
04291_model.jpg,5.860775403498983
04292_model.jpg,4.192835202428771
04293_model.jpg,6.533304738897589
04294_model.jpg,7.15866773371221
04295_model.jpg,6.504433759662895
04296_model.jpg,6.549656788136761
04297_model.jpg,3.976769734138916
04298_model.jpg,5.796176154231747
04299_model.jpg,5.563401390694595
04300_model.jpg,3.2290129011526796
04301_model.jpg,4.03467888290915
04302_model.jpg,5.660834743075463
04303_model.jpg,8.001482366417136
04304_model.jpg,6.693517728086781
04305_model.jpg,3.4592872932881518
04306_model.jpg,6.875969132975159
04307_model.jpg,6.487588220261243
04308_model.jpg,4.262239230450789
04309_model.jpg,5.562209322894986
04310_model.jpg,6.860404236814884
04311_model.jpg,4.713694664350938
04312_model.jpg,7.972942073998042
04313_model.jpg,5.598947344063172
04314_model.jpg,5.252053111205216
04315_model.jpg,4.637813451727272
04316_model.jpg,5.096260638904618
04317_model.jpg,5.496643562628219
04318_model.jpg,5.862111762901152
04319_model.jpg,3.5990087498037626
04320_model.jpg,6.64401614510689
04321_model.jpg,4.750498493924551
04322_model.jpg,4.234203347447084
04323_model.jpg,4.6092858296995844
04324_model.jpg,7.701588475962901
04325_model.jpg,3.8505596748622066
04326_model.jpg,4.708662604045548
04327_model.jpg,4.633833011508671
04328_model.jpg,4.810990636099381
04329_model.jpg,6.970678388224066
04330_model.jpg,5.154539029989796
04331_model.jpg,7.14143302000866
04332_model.jpg,5.955923742014026
04333_model.jpg,5.973599844076281
04334_model.jpg,3.8522539722542524
04335_model.jpg,3.7096404486556604
04336_model.jpg,4.222136944341551
04337_model.jpg,6.370917891380674
04338_model.jpg,3.345462160428349
04339_model.jpg,5.123122486152122
04340_model.jpg,7.823948498567156
04341_model.jpg,5.793054962841093
04342_model.jpg,6.882575180236581
04343_model.jpg,6.8621685498825675
04344_model.jpg,3.5438035123041765
04345_model.jpg,3.9903105788350963
04346_model.jpg,4.597736692595403
04347_model.jpg,8.159974307288472
04348_model.jpg,8.120150071621065
04349_model.jpg,5.499724572616256
04350_model.jpg,4.179033206826708
04351_model.jpg,4.527630407303042
04352_model.jpg,7.659088782354016
04353_model.jpg,7.4615591553848715
04354_model.jpg,5.9739033050336205
04355_model.jpg,3.979764024547146
04356_model.jpg,6.039857095798322
04357_model.jpg,5.35085642494654
04358_model.jpg,6.988123029202286
04359_model.jpg,3.998867533244698
04360_model.jpg,5.605618019914655
04361_model.jpg,4.266999799486985
04362_model.jpg,3.8954948027218075
04363_model.jpg,7.559858541692226
04364_model.jpg,6.61716771215168
04365_model.jpg,3.3166134851846136
04366_model.jpg,5.300110113596641
04367_model.jpg,4.982678667061501
04368_model.jpg,6.47215967492881
04369_model.jpg,3.726020380302698
04370_model.jpg,3.489464608056153
04371_model.jpg,4.529073702142636
04372_model.jpg,4.956783148347173
04373_model.jpg,6.774263169204519
04374_model.jpg,4.571746723435162
04375_model.jpg,7.283265806461338
04376_model.jpg,6.765256580459172
04377_model.jpg,7.517467359101562
04378_model.jpg,3.455873823835856
04379_model.jpg,4.571729662233625
04380_model.jpg,4.160401149955323
04381_model.jpg,7.1911524908323115
04382_model.jpg,3.2930778589902197
04383_model.jpg,3.5505035212038747
04384_model.jpg,5.438048495089734
04385_model.jpg,7.902029285726479
04386_model.jpg,7.334853835751367
04387_model.jpg,6.722110024734778
04388_model.jpg,3.40029561522526
04389_model.jpg,3.3819092416958325
04390_model.jpg,4.525338916150303
04391_model.jpg,6.576226380059118
04392_model.jpg,4.082288101825784
04393_model.jpg,3.8812939398869455
04394_model.jpg,3.346330682886543
04395_model.jpg,5.8572295342781
04396_model.jpg,5.4341830277022405
04397_model.jpg,3.288600163268586
04398_model.jpg,3.4116641848502605
04399_model.jpg,5.708608853192238
04400_model.jpg,4.2903971304966655
04401_model.jpg,4.942330714628424
04402_model.jpg,4.102272153821245
04403_model.jpg,7.919911392916966
04404_model.jpg,7.466174379324438
04405_model.jpg,5.790277290883538
04406_model.jpg,4.494864592969861
04407_model.jpg,3.7133387814284218
04408_model.jpg,7.563825111682619
04409_model.jpg,3.2057891522047646
04410_model.jpg,4.025706517959558
04411_model.jpg,4.668901594015651
04412_model.jpg,4.3058535307688866
04413_model.jpg,5.028249392544393
04414_model.jpg,6.622496991096661
04415_model.jpg,7.988848325220446
04416_model.jpg,4.299850915293999
04417_model.jpg,4.701372538384078
04418_model.jpg,7.038903654800696
04419_model.jpg,5.448874259459944
04420_model.jpg,5.596070007742949
04421_model.jpg,3.8832098921879252
04422_model.jpg,4.232885677315877
04423_model.jpg,7.797804830814109
04424_model.jpg,5.140837698435478
04425_model.jpg,5.193874314427048
04426_model.jpg,4.957676399023315
04427_model.jpg,6.419721022648747
04428_model.jpg,3.2983028900001186
04429_model.jpg,6.055983495165919
04430_model.jpg,3.5625094369271864
04431_model.jpg,5.69337671370923
04432_model.jpg,7.110171472494234
04433_model.jpg,4.928765655692032
04434_model.jpg,7.484787461246998
04435_model.jpg,7.825083371333592
04436_model.jpg,4.002194808861231
04437_model.jpg,3.903768945547065
04438_model.jpg,4.218293892223161
04439_model.jpg,4.037502125476245
04440_model.jpg,5.346566712871427
04441_model.jpg,6.534305454215084
04442_model.jpg,5.553077175917889
04443_model.jpg,5.085911275288853
04444_model.jpg,8.194053078776305
04445_model.jpg,5.325195542909198
04446_model.jpg,3.9716245116699254
04447_model.jpg,6.8970501062093055
04448_model.jpg,3.2956389696152666
04449_model.jpg,4.8052767499898215
04450_model.jpg,6.5912416468217
04451_model.jpg,4.394373818006593
04452_model.jpg,6.995683463974262
04453_model.jpg,3.73050871250729
04454_model.jpg,3.960873623720296
04455_model.jpg,6.761190411535258
04456_model.jpg,3.87848530535818
04457_model.jpg,6.947305490278736
04458_model.jpg,7.293676743702984
04459_model.jpg,7.585866559668504
04460_model.jpg,3.700031108536062
04461_model.jpg,7.173148101649907
04462_model.jpg,8.149047733813829
04463_model.jpg,7.553084584205998
04464_model.jpg,5.219841633455459
04465_model.jpg,6.018370803181244
04466_model.jpg,4.662035624066134
04467_model.jpg,4.867827253267893
04468_model.jpg,3.6154535085653494
04469_model.jpg,6.952435098239832
04470_model.jpg,5.112099992596604
04471_model.jpg,4.402289737637754
04472_model.jpg,3.8521816877029247
04473_model.jpg,4.433427742185254
04474_model.jpg,5.672560517412491
04475_model.jpg,4.585216981932739
04476_model.jpg,8.182216721806398
04477_model.jpg,6.4942666826528646
04478_model.jpg,4.141537496234782
04479_model.jpg,4.842122292292179
04480_model.jpg,3.835235852232536
04481_model.jpg,4.090982591447708
04482_model.jpg,6.8459912810433154
04483_model.jpg,7.143012412464743
04484_model.jpg,5.135928917346594
04485_model.jpg,5.135889895034318
04486_model.jpg,6.539361722847818
04487_model.jpg,7.484342055648409
04488_model.jpg,5.066732325422129
04489_model.jpg,3.470311909336635
04490_model.jpg,5.123946469479951
04491_model.jpg,8.088961428899323
04492_model.jpg,7.532433091673023
04493_model.jpg,7.329286008057818
04494_model.jpg,6.349297803250033
04495_model.jpg,3.803131804311211
04496_model.jpg,7.289572849808736
04497_model.jpg,4.815529725305123
04498_model.jpg,3.8539620274243234
04499_model.jpg,5.598539632845553
04500_model.jpg,5.483126823711132
04501_model.jpg,7.983201627187527
04502_model.jpg,4.605538972497966
04503_model.jpg,6.9384614385493295
04504_model.jpg,7.6196905227580585
04505_model.jpg,6.183086930351948
04506_model.jpg,6.7646760778913615
04507_model.jpg,7.132605372081145
04508_model.jpg,4.917830175858756
04509_model.jpg,7.691628960424159
04510_model.jpg,4.327614929322683
04511_model.jpg,4.913743740271429
04512_model.jpg,7.139831460143326
04513_model.jpg,4.011408613041594
04514_model.jpg,6.785004666203817
04515_model.jpg,3.84748694958565
04516_model.jpg,4.667489376337657
04517_model.jpg,6.643035497132618
04518_model.jpg,7.983904705168624
04519_model.jpg,3.579158985936888
04520_model.jpg,3.668196028488887
04521_model.jpg,5.667802431817634
04522_model.jpg,5.618988375118554
04523_model.jpg,6.169911534270374
04524_model.jpg,4.153192577618205
04525_model.jpg,4.010370069691215
04526_model.jpg,3.5158589772878006
04527_model.jpg,5.503838815657519
04528_model.jpg,3.458389795442149
04529_model.jpg,8.00818615461278
04530_model.jpg,4.482921466345491
04531_model.jpg,7.846112254690017
04532_model.jpg,5.54773780605231
04533_model.jpg,4.682784736573321
04534_model.jpg,3.5409564921081884
04535_model.jpg,3.929108796730941
04536_model.jpg,5.204827783942868
04537_model.jpg,6.685965242033425
04538_model.jpg,4.995242437318479
04539_model.jpg,3.5214595537731164
04540_model.jpg,6.204567292279347
04541_model.jpg,7.109447234521831
04542_model.jpg,4.395487092668849
04543_model.jpg,7.583330761038746
04544_model.jpg,5.343686559481575
04545_model.jpg,7.804762145779592
04546_model.jpg,7.215471885742088
04547_model.jpg,8.120293705933324
04548_model.jpg,5.283667273472991
04549_model.jpg,5.255678865399665
04550_model.jpg,6.931676998009578
04551_model.jpg,4.262356994533587
04552_model.jpg,6.619211511430744
04553_model.jpg,6.45396788231353
04554_model.jpg,4.764327833043839
04555_model.jpg,7.978545107444725
04556_model.jpg,6.027411951019089
04557_model.jpg,5.59908821472908
04558_model.jpg,5.653647788815328
04559_model.jpg,6.445343312020257
04560_model.jpg,3.324874592865249
04561_model.jpg,7.725659479171246
04562_model.jpg,7.010611324022697
04563_model.jpg,4.984721627536033
04564_model.jpg,4.893744881723364
04565_model.jpg,4.636580394210765
04566_model.jpg,3.9427894611029783
04567_model.jpg,5.934317788009301
04568_model.jpg,6.3346996891673495
04569_model.jpg,5.855152200587766
04570_model.jpg,6.080474375845941
04571_model.jpg,7.240491576790178
04572_model.jpg,7.920582182310725
04573_model.jpg,6.913262003502228
04574_model.jpg,6.485015964017099
04575_model.jpg,6.086272039513568
04576_model.jpg,4.4099032195953205
04577_model.jpg,5.734356013351041
04578_model.jpg,6.559861252543987
04579_model.jpg,4.720838457609566
04580_model.jpg,3.9047636068661964
04581_model.jpg,6.311248899801616
04582_model.jpg,7.567301024719257
04583_model.jpg,3.872661520057928
04584_model.jpg,3.7901250544271408
04585_model.jpg,3.8811767267293638
04586_model.jpg,3.5875920158831534
04587_model.jpg,5.77019345236856
04588_model.jpg,4.242539191383336
04589_model.jpg,5.982067438406981
04590_model.jpg,6.078711216038085
04591_model.jpg,5.531677809441529
04592_model.jpg,7.702054886031111
04593_model.jpg,7.963856012014163
04594_model.jpg,4.011442692137439
04595_model.jpg,7.33945071881124
04596_model.jpg,6.6198379851389335
04597_model.jpg,4.734491646093196
04598_model.jpg,6.649730039913606
04599_model.jpg,5.989474951350007
04600_model.jpg,7.730718358029505
04601_model.jpg,6.669373280499426
04602_model.jpg,5.747410570064182
04603_model.jpg,3.5783734363926483
04604_model.jpg,3.4011363792371814
04605_model.jpg,5.059768202954987
04606_model.jpg,3.3684526169343716
04607_model.jpg,7.737308688046764
04608_model.jpg,7.482284452445197
04609_model.jpg,4.564481642128681
04610_model.jpg,3.604638083597072
04611_model.jpg,4.646157528188636
04612_model.jpg,4.7584564949624815
04613_model.jpg,7.8017523137467775
04614_model.jpg,7.234835494114965
04615_model.jpg,7.238707951781497
04616_model.jpg,5.565852251451415
04617_model.jpg,4.886563475812708
04618_model.jpg,3.9292300947366456
04619_model.jpg,7.172782204531065
04620_model.jpg,7.621972384351111
04621_model.jpg,8.074985762023516
04622_model.jpg,6.073026942263898
04623_model.jpg,7.947095058468734
04624_model.jpg,5.743880896439957
04625_model.jpg,7.56440815414975
04626_model.jpg,7.0481355660449765
04627_model.jpg,4.039643117323069
04628_model.jpg,4.3051374625675685
04629_model.jpg,6.245410428540871
04630_model.jpg,4.810629713882169
04631_model.jpg,4.282616875348865
04632_model.jpg,4.930389857711945
04633_model.jpg,5.48740756584239
04634_model.jpg,6.83437759025019
04635_model.jpg,5.791474318519445
04636_model.jpg,5.353057868992794
04637_model.jpg,7.313566406470911
04638_model.jpg,5.025811311897257
04639_model.jpg,4.788415215194694
04640_model.jpg,4.6310371086787105
04641_model.jpg,7.849475868026107
04642_model.jpg,3.4173280634701335
04643_model.jpg,3.935689029573539
04644_model.jpg,6.630999141576908
04645_model.jpg,5.283377756904465
04646_model.jpg,8.171254302359998
04647_model.jpg,4.675607104750059
04648_model.jpg,5.185480634663066
04649_model.jpg,7.609095287508546
04650_model.jpg,4.8094683444054604
04651_model.jpg,3.8314283053470817
04652_model.jpg,7.640623696665448
04653_model.jpg,6.110423547146618
04654_model.jpg,6.57215320527327
04655_model.jpg,5.721122782983169
04656_model.jpg,7.215900287402364
04657_model.jpg,4.199788595162713
04658_model.jpg,6.611598812204313
04659_model.jpg,6.411873377633671
04660_model.jpg,7.86457303706709
04661_model.jpg,6.411704833181311
04662_model.jpg,7.402681179568881
04663_model.jpg,4.009338493416623
04664_model.jpg,3.835172101647208
04665_model.jpg,8.09399099239901
04666_model.jpg,5.32517947045354
04667_model.jpg,7.9733381505351035
04668_model.jpg,5.130324620287294
04669_model.jpg,5.193343861612649
04670_model.jpg,4.971403041790263
04671_model.jpg,4.9770776197896005
04672_model.jpg,5.995242383047497
04673_model.jpg,4.939317494222394
04674_model.jpg,3.9131956980854135
04675_model.jpg,6.048549668050904
04676_model.jpg,3.451056932474697
04677_model.jpg,8.093727798924466
04678_model.jpg,4.331118912358682
04679_model.jpg,5.503248849205152
04680_model.jpg,3.429657082149407
04681_model.jpg,6.44943207354626
04682_model.jpg,3.274506136684108
04683_model.jpg,4.614400485009708
04684_model.jpg,4.847737815963187
04685_model.jpg,7.038541936533102
04686_model.jpg,7.22246688454283
04687_model.jpg,3.8079007840018804
04688_model.jpg,4.059513206142654
04689_model.jpg,6.123849058922206
04690_model.jpg,4.119176422522337
04691_model.jpg,7.7019600986481285
04692_model.jpg,6.540351909398018
04693_model.jpg,5.197803731248056
04694_model.jpg,6.78950145891104
04695_model.jpg,7.664787121711318
04696_model.jpg,4.330229012234697
04697_model.jpg,4.707894048099261
04698_model.jpg,5.828323578806588
04699_model.jpg,3.5443580190602813
04700_model.jpg,3.915354453181676
04701_model.jpg,7.511763513619813
04702_model.jpg,4.01984205434275
04703_model.jpg,3.840125892451754
04704_model.jpg,6.8028830271321805
04705_model.jpg,5.881143975310576
04706_model.jpg,5.664822727968384
04707_model.jpg,7.365942687936934
04708_model.jpg,7.742518883542711
04709_model.jpg,8.09249808554453
04710_model.jpg,6.294914531240909
04711_model.jpg,5.00170680085692
04712_model.jpg,6.9545314357930135
04713_model.jpg,7.778140174941956
04714_model.jpg,5.789652835652539
04715_model.jpg,7.110030374004722
04716_model.jpg,3.479228790118321
04717_model.jpg,4.949833517547209
04718_model.jpg,5.706391981193868
04719_model.jpg,7.280372282388297
04720_model.jpg,8.112644016675262
04721_model.jpg,4.749597999789585
04722_model.jpg,6.643990642908885
04723_model.jpg,4.30003406311938
04724_model.jpg,7.102224668140046
04725_model.jpg,8.14384487759208
04726_model.jpg,6.382895251172602
04727_model.jpg,5.796830202241888
04728_model.jpg,7.724019696333785
04729_model.jpg,7.489889727023429
04730_model.jpg,6.5576244772150005
04731_model.jpg,7.528017690519348
04732_model.jpg,4.257983436923875
04733_model.jpg,7.7493011586897085
04734_model.jpg,7.654853512760391
04735_model.jpg,6.0667783768453525
04736_model.jpg,3.8316414172500375
04737_model.jpg,7.307553890884283
04738_model.jpg,3.2150050744122485
04739_model.jpg,6.911473341991526
04740_model.jpg,7.645973744058751
04741_model.jpg,7.693357593504175
04742_model.jpg,6.790816403437344
04743_model.jpg,4.894966090703181
04744_model.jpg,6.349107044679006
04745_model.jpg,4.575919787824058
04746_model.jpg,4.8842426996695805
04747_model.jpg,6.746928027744232
04748_model.jpg,7.641602727625458
04749_model.jpg,3.5510640946395293
04750_model.jpg,7.808773788338994
04751_model.jpg,5.230001038616414
04752_model.jpg,4.658142829859741
04753_model.jpg,6.947825719531125
04754_model.jpg,6.263676943725316
04755_model.jpg,5.036567111009707
04756_model.jpg,7.917621835490691
04757_model.jpg,6.773885546251377
04758_model.jpg,7.0772684697770325
04759_model.jpg,4.529773925987999
04760_model.jpg,6.73744044737417
04761_model.jpg,6.491177607991136
04762_model.jpg,7.839165264923923
04763_model.jpg,6.307932862878318
04764_model.jpg,6.945802596261825
04765_model.jpg,7.07099010767792
04766_model.jpg,3.4164923534155287
04767_model.jpg,7.316433691443039
04768_model.jpg,6.884605163549972
04769_model.jpg,7.1165420457766855
04770_model.jpg,4.8506064363150845
04771_model.jpg,3.8656741199185847
04772_model.jpg,6.696037274112519
04773_model.jpg,6.6128360648368085
04774_model.jpg,7.150360511184251
04775_model.jpg,7.555538308218723
04776_model.jpg,5.600844856395521
04777_model.jpg,3.5018630558159023
04778_model.jpg,3.778596318010128
04779_model.jpg,7.518356493049434
04780_model.jpg,5.532402177207732
04781_model.jpg,5.17380514028159
04782_model.jpg,5.457620151098078
04783_model.jpg,6.80587197865232
04784_model.jpg,5.445797068571588
04785_model.jpg,5.460602794777053
04786_model.jpg,4.025128849894635
04787_model.jpg,8.136324380401783
04788_model.jpg,8.094357317706692
04789_model.jpg,5.4527575135506225
04790_model.jpg,7.251031356329212
04791_model.jpg,6.964908169131909
04792_model.jpg,4.772788603565007
04793_model.jpg,5.3416696456164825
04794_model.jpg,6.190688610826958
04795_model.jpg,5.385253289239388
04796_model.jpg,7.924514780113291
04797_model.jpg,8.003230126035927
04798_model.jpg,5.596061955720924
04799_model.jpg,3.8919115888366695
04800_model.jpg,7.599793419923837
04801_model.jpg,8.120155506026526
04802_model.jpg,4.146910192953122
04803_model.jpg,7.604812981237955
04804_model.jpg,5.347948030169403
04805_model.jpg,7.569167426265483
04806_model.jpg,3.9418630336305887
04807_model.jpg,6.768105388779204
04808_model.jpg,7.403587982240695
04809_model.jpg,5.177599771702018
04810_model.jpg,4.899577098327571
04811_model.jpg,7.733068812259229
04812_model.jpg,4.664078539443271
04813_model.jpg,3.7768158709447706
04814_model.jpg,5.466041060687845
04815_model.jpg,6.665594528813619
04816_model.jpg,4.722337691773471
04817_model.jpg,7.473676550967952
04818_model.jpg,6.273975379375173
04819_model.jpg,6.951997164095938
04820_model.jpg,6.191315509630479
04821_model.jpg,6.422284579248029
04822_model.jpg,5.955402979690575
04823_model.jpg,5.468802235173384
04824_model.jpg,6.362908605331875
04825_model.jpg,7.307928014297301
04826_model.jpg,4.614171617896177
04827_model.jpg,3.6250989442041623
04828_model.jpg,4.401968798472194
04829_model.jpg,7.987452303419155
04830_model.jpg,5.782235771935606
04831_model.jpg,7.760894813187183
04832_model.jpg,3.622671194325175
04833_model.jpg,3.9217305728832423
04834_model.jpg,5.538974151645299
04835_model.jpg,7.71251412336935
04836_model.jpg,4.214134959933928
04837_model.jpg,5.230310858765386
04838_model.jpg,6.25962725984673
04839_model.jpg,7.253911958607794
04840_model.jpg,7.27288730276494
04841_model.jpg,7.267966265876656
04842_model.jpg,7.745119259222773
04843_model.jpg,6.990082284649485
04844_model.jpg,7.653212028050352
04845_model.jpg,3.8267536774179147
04846_model.jpg,3.784489509311687
04847_model.jpg,6.433600215849776
04848_model.jpg,4.351121344641287
04849_model.jpg,7.181783741118044
04850_model.jpg,5.17165252943555
04851_model.jpg,6.486815749846609
04852_model.jpg,3.835890125784439
04853_model.jpg,6.797903721981366
04854_model.jpg,3.6521460618003303
04855_model.jpg,3.491706205043349
04856_model.jpg,4.294809420486275
04857_model.jpg,6.692111809205841
04858_model.jpg,8.126259641330634
04859_model.jpg,4.676860924414827
04860_model.jpg,4.02508355854592
04861_model.jpg,7.671257311204983
04862_model.jpg,4.135972796604588
04863_model.jpg,7.96631905152761
04864_model.jpg,4.257912718414434
04865_model.jpg,3.631091262079485
04866_model.jpg,6.967986374312718
04867_model.jpg,6.300674456669626
04868_model.jpg,8.152314858505177
04869_model.jpg,6.341585483061711
04870_model.jpg,8.049432465366642
04871_model.jpg,5.872766986023015
04872_model.jpg,7.6723342157909356
04873_model.jpg,4.483493585097123
04874_model.jpg,3.7011748915819114
04875_model.jpg,5.3477336221122345
04876_model.jpg,4.779454562873573
04877_model.jpg,4.837453293673267
04878_model.jpg,7.64585694373575
04879_model.jpg,5.672328097050016
04880_model.jpg,6.334343414154702
04881_model.jpg,4.163410073183877
04882_model.jpg,7.290365896846091
04883_model.jpg,5.492039794216363
04884_model.jpg,7.280845494445379
04885_model.jpg,4.692664286620284
04886_model.jpg,4.460170412999529
04887_model.jpg,7.478708169662123
04888_model.jpg,7.13211928524531
04889_model.jpg,5.131959454000522
04890_model.jpg,3.566702162464858
04891_model.jpg,5.702302819291671
04892_model.jpg,7.6075854158785665
04893_model.jpg,6.850485583625072
04894_model.jpg,7.066360129230438
04895_model.jpg,5.450723729362028
04896_model.jpg,7.687107236770204
04897_model.jpg,7.547315183048959
04898_model.jpg,7.052389103607856
04899_model.jpg,7.50180813680181
04900_model.jpg,4.668405203580291
04901_model.jpg,5.53013233560623
04902_model.jpg,5.429090381667586
04903_model.jpg,5.491191125607009
04904_model.jpg,6.87999435497091
04905_model.jpg,3.536643939969749
04906_model.jpg,7.0624447519003715
04907_model.jpg,6.470966521057821
04908_model.jpg,7.470573372646045
04909_model.jpg,6.004070502979773
04910_model.jpg,4.74138799129305
04911_model.jpg,5.19010926959022
04912_model.jpg,5.2673940591026085
04913_model.jpg,6.593208743416846
04914_model.jpg,6.157501893295895
04915_model.jpg,8.142807885991008
04916_model.jpg,4.741531975062478
04917_model.jpg,5.837375857714424
04918_model.jpg,5.356662134679893
04919_model.jpg,6.022982946539957
04920_model.jpg,4.516254665247897
04921_model.jpg,6.621023135512444
04922_model.jpg,3.2875471182060227
04923_model.jpg,4.5668211282075015
04924_model.jpg,6.848969544723498
04925_model.jpg,4.304477157439017
04926_model.jpg,3.992389145511212
04927_model.jpg,5.66223868134359
04928_model.jpg,4.772412664755961
04929_model.jpg,4.580919248445769
04930_model.jpg,7.242639054387017
04931_model.jpg,6.409450258109406
04932_model.jpg,4.0585841939535205
04933_model.jpg,4.7214590347611844
04934_model.jpg,7.60250314529272
04935_model.jpg,4.06725269949471
04936_model.jpg,5.535715685698844
04937_model.jpg,4.61189622516135
04938_model.jpg,6.222903856448882
04939_model.jpg,6.475956697384082
04940_model.jpg,3.709951190535099
04941_model.jpg,6.342704039747243
04942_model.jpg,3.889827941465443
04943_model.jpg,7.182292662864641
04944_model.jpg,5.687931095746898
04945_model.jpg,3.305151887132477
04946_model.jpg,3.9020258660508347
04947_model.jpg,6.499955433491886
04948_model.jpg,7.549681978113491
04949_model.jpg,5.062358827658989
04950_model.jpg,5.293034086710107
04951_model.jpg,8.134372848438463
04952_model.jpg,5.4604286670224935
04953_model.jpg,5.691319345729553
04954_model.jpg,4.319522312125961
04955_model.jpg,7.2712302284992
04956_model.jpg,7.415918547300673
04957_model.jpg,5.123166136743872
04958_model.jpg,6.058080601562604
04959_model.jpg,7.536113339709661
04960_model.jpg,4.21577955788429
04961_model.jpg,6.157426722143813
04962_model.jpg,3.985623797337597
04963_model.jpg,5.019853473452699
04964_model.jpg,4.285803841004723
04965_model.jpg,3.282114250778579
04966_model.jpg,4.4352128459017495
04967_model.jpg,6.323582026205516
04968_model.jpg,4.76038064038131
04969_model.jpg,5.390690555409021
04970_model.jpg,4.910087986606254
04971_model.jpg,3.415809920972653
04972_model.jpg,8.014965830099602
04973_model.jpg,4.3599595976190075
04974_model.jpg,4.885603141622494
04975_model.jpg,6.009009406870058
04976_model.jpg,6.669822557839246
04977_model.jpg,6.435025302429607
04978_model.jpg,7.327571563410609
04979_model.jpg,7.680369173080151
04980_model.jpg,3.691943662181065
04981_model.jpg,6.4050507677051565
04982_model.jpg,3.7592702782344753
04983_model.jpg,3.6711500436509965
04984_model.jpg,5.331326239945991
04985_model.jpg,4.017859437783014
04986_model.jpg,6.474964588967422
04987_model.jpg,5.263577156901433
04988_model.jpg,6.996809918193106
04989_model.jpg,5.900226088448957
04990_model.jpg,6.782663512310642
04991_model.jpg,3.387466112562631
04992_model.jpg,8.04568538834241
04993_model.jpg,5.2296892243968855
04994_model.jpg,6.051989662351592
04995_model.jpg,3.8332372366900636
04996_model.jpg,5.597921197736084
04997_model.jpg,7.868123851197523
04998_model.jpg,3.75049120669117
04999_model.jpg,5.032009752369583
